County_ID,County_Name,County_Income,Poverty_Rate,County_Lat,County_Long,Store_Name,Store_Lat,Store_Long,Store_Address,Dist
605,Baldwin County,"36,399.00",92.88,33.081466,-83.228206,Dollar General,33.097504,-83.260336,"207 Roberson Mill Rd NE, Milledgeville, GA, 31061",2.166929773381932
605,Baldwin County,"36,399.00",92.88,33.081466,-83.228206,Dollar General,33.096256,-83.242935,"1550 N Columbia St, Milledgeville, GA, 31061",1.3300039742668393
605,Baldwin County,"36,399.00",92.88,33.081466,-83.228206,Family Dollar,33.072967999999996,-83.225646,"641 S Wayne St, Milledgeville, GA, 31061",0.6041696153534701
605,Baldwin County,"36,399.00",92.88,33.081466,-83.228206,Dollar General,33.03800953786503,-83.23524895505122,"2622 Irwinton Rd, Milledgeville, GA, 31061",3.0224956556457165
605,Baldwin County,"36,399.00",92.88,33.081466,-83.228206,Dollar General,33.08079922314939,-83.16630021407664,"102 Robins Dr NE, Milledgeville, GA, 31061",3.591814500625056
605,Baldwin County,"36,399.00",92.88,33.081466,-83.228206,Dollar Tree,33.11864096524961,-83.26371957271773,"2600 N Columbia St, Milledgeville, GA, 31061",3.2873126384238476
605,Baldwin County,"36,399.00",92.88,33.081466,-83.228206,Maxway,33.06785158306838,-83.22491131157378,"1031 S Wayne St, Milledgeville, GA, 31061",0.9574948776021232
605,Baldwin County,"36,399.00",92.88,33.081466,-83.228206,Walmart Supercenter,33.11646917054616,-83.26503613292383,"2592 N Columbia St, Milledgeville, GA, 31061",3.222192105366422
605,Baldwin County,"36,399.00",92.88,33.081466,-83.228206,Five Below,33.10902571753412,-83.25761363558195,"2400 N Columbia St, Milledgeville, GA, 31061",2.552845888982823
605,Baldwin County,"36,399.00",92.88,33.081466,-83.228206,Roses Discount Stores,33.067597,-83.225043,"1031 S Wayne St, Milledgeville, GA, 31061",0.9732226089248411
605,Baldwin County,"36,399.00",92.88,33.081466,-83.228206,Dae Seung Discount,33.067617,-83.223882,"1027 S Wayne St, Milledgeville, GA, 31061",0.9868085953816164
605,Baldwin County,"36,399.00",92.88,33.081466,-83.228206,Ian's Discount Mart,33.063297,-83.216897,"1282 Twin Pine Rd, Milledgeville, GA, 31061",1.4136081551312902
605,Baldwin County,"36,399.00",92.88,33.081466,-83.228206,Discount Mart,33.098375,-83.24575,"1660 N Columbia St, Milledgeville, GA, 31061",1.5471307018037261
605,Baldwin County,"36,399.00",92.88,33.081466,-83.228206,Fred's Super Dollar,33.103506,-83.252189,"1850 N Columbia St, Milledgeville, GA, 31061",2.0597142557743124
631,Clayton County,"32,702.00",92.55,33.506014,-84.357362,Family Dollar Store,33.4857,-84.33847800000001,"1765 Mundys Mill Rd, Jonesboro, GA, 30236",1.7745410102100516
631,Clayton County,"32,702.00",92.55,33.506014,-84.357362,Dollar General,33.52486597493507,-84.42240880892031,"8446 Highway 85, Jonesboro, GA, 30236",3.9735110942771894
631,Clayton County,"32,702.00",92.55,33.506014,-84.357362,Five Below,33.47862778370676,-84.43915397879516,"110 Pavilion Pkwy, Jonesboro, GA, 30236",5.086194383930813
631,Clayton County,"32,702.00",92.55,33.506014,-84.357362,Family Dollar Store,33.52101216,-84.3626998,"8570A Tara Blvd, Jonesboro, GA, 30236",1.0786068026333029
631,Clayton County,"32,702.00",92.55,33.506014,-84.357362,Dollar General,33.441095597090744,-84.31564364444769,"11519 Hastings Bridge Rd, Jonesboro, GA, 30236",5.081627256746213
631,Clayton County,"32,702.00",92.55,33.506014,-84.357362,Dollar General,33.53714,-84.36562,"7941 Tara Blvd, Jonesboro, GA, 30236",2.1974871820387
631,Clayton County,"32,702.00",92.55,33.506014,-84.357362,Dollar General,33.552381,-84.339685,"1575 Battlecreek Rd, Jonesboro, GA, 30236",3.3544899176666325
631,Clayton County,"32,702.00",92.55,33.506014,-84.357362,Walmart Supercenter,33.481254225324214,-84.44310818475063,"125 Pavilion Pkwy, Jonesboro, GA, 30236",5.237089795405389
631,Clayton County,"32,702.00",92.55,33.506014,-84.357362,Dollar Tree,33.573424840015505,-84.37329528126952,"6533 Tara Blvd, Jonesboro, GA, 30236",4.736004206114421
631,Clayton County,"32,702.00",92.55,33.506014,-84.357362,Dollar General,33.577365,-84.373758,"6489 Tara Blvd, Jonesboro, GA, 30236",5.007640357789712
631,Clayton County,"32,702.00",92.55,33.506014,-84.357362,Family Dollar Store,33.571791,-84.349407,"6715 Merchants Way, Jonesboro, GA, 30236",4.556460790190154
631,Clayton County,"32,702.00",92.55,33.506014,-84.357362,Dollar General,33.541696,-84.40063599999999,"1705 Highway 138 SW, Jonesboro, GA, 30236",3.505293871664868
631,Clayton County,"32,702.00",92.55,33.506014,-84.357362,Dollar Tree,33.481463324090335,-84.44523233070765,"147 Pavilion Pkwy, Jonesboro, GA, 30236",5.34861933137845
631,Clayton County,"32,702.00",92.55,33.506014,-84.357362,Family Dollar Store,33.537211,-84.362809,"830 Spur 138, Jonesboro, GA, 30236",2.172923348126951
631,Clayton County,"32,702.00",92.55,33.506014,-84.357362,Dollar General,33.518913,-84.365092,"8657 Tara Blvd, Jonesboro, GA, 30236",0.9947030823411886
631,Clayton County,"32,702.00",92.55,33.506014,-84.357362,Dollar General,33.57370259,-84.41115162,"6620 Highway 85, Jonesboro, GA, 30236",5.603516625468371
631,Clayton County,"32,702.00",92.55,33.506014,-84.357362,Dollar Tree,33.44549852822335,-84.32559824700905,"11337 Tara Blvd, Jonesboro, GA, 30236",4.556258974507122
631,Clayton County,"32,702.00",92.55,33.506014,-84.357362,Dollar Tree,33.565307000000004,-84.326001,"1950 Mount Zion Rd, Jonesboro, GA, 30236",4.469322441543067
631,Clayton County,"32,702.00",92.55,33.506014,-84.357362,Family Dollar Store,33.559578,-84.370038,"7132 Tara Blvd, Jonesboro, GA, 30236",3.7633648876908024
631,Clayton County,"32,702.00",92.55,33.506014,-84.357362,Family Dollar Store,33.54178732503806,-84.32217510085796,"2335 Highway 138 E, Jonesboro, GA, 30236",3.194346254994507
631,Clayton County,"32,702.00",92.55,33.506014,-84.357362,Dollar General,33.451162,-84.435418,"140 Weatherly Dr, Jonesboro, GA, 30236",5.883266893691019
631,Clayton County,"32,702.00",92.55,33.506014,-84.357362,Family Dollar,33.522902,-84.42254100000001,"8500 Highway 85, Jonesboro, GA, 30236",3.9386651384614626
631,Clayton County,"32,702.00",92.55,33.506014,-84.357362,Family Dollar Store,33.45242863737543,-84.32565158327024,"11108 Tara Blvd, Jonesboro, GA, 30236",4.122161133930467
631,Clayton County,"32,702.00",92.55,33.506014,-84.357362,Fred's Super Dollar,33.576204,-84.393176,"94 Upper Riverdale Rd SW, Jonesboro, GA, 30236",5.260478053022977
631,Clayton County,"32,702.00",92.55,33.506014,-84.357362,Southside Discount Mall,33.57685689648982,-84.37466377412424,"6525 Tara Blvd, Jonesboro, GA, 30236",4.9834682464557
633,Cobb County,"63,214.00",39.14,33.962944,-84.544548,Christmas Tree Shops,34.0042367,-84.575852,"845 Ernest W Barrett Pkwy NW, Kennesaw, GA, 30144",3.3660793617136573
633,Cobb County,"63,214.00",39.14,33.962944,-84.544548,Family Dollar Store,33.943641662597656,-84.5328369140625,"619 S Marietta Pkwy SE, Kennesaw, GA, 30144",1.4907620108213782
633,Cobb County,"63,214.00",39.14,33.962944,-84.544548,Family Dollar,33.965209,-84.534355,"567 Cobb Pkwy N, Kennesaw, GA, 30144",0.6058365555882697
633,Cobb County,"63,214.00",39.14,33.962944,-84.544548,Ollie's Bargain Outlet,33.90501616684865,-84.48456296174668,"2359 Windy Hill Rd SE, Kennesaw, GA, 30144",5.27412076922771
633,Cobb County,"63,214.00",39.14,33.962944,-84.544548,Five Below,34.0046618,-84.5731199,"667 Ernest W Barrett Pkwy NW, Kennesaw, GA, 30144",3.3104118085668786
633,Cobb County,"63,214.00",39.14,33.962944,-84.544548,Dollar Tree,33.89042839618267,-84.53838564677002,"2552 S Cobb Dr SE, Kennesaw, GA, 30144",5.010527300886553
633,Cobb County,"63,214.00",39.14,33.962944,-84.544548,Walmart Neighborhood Market,33.98062345571205,-84.4630149990016,"3101 Roswell Rd, Kennesaw, GA, 30144",4.837937404997559
633,Cobb County,"63,214.00",39.14,33.962944,-84.544548,Dollar Tree,33.93414006711585,-84.55991162844524,"790 Powder Springs St, Kennesaw, GA, 30144",2.172568161650971
633,Cobb County,"63,214.00",39.14,33.962944,-84.544548,Dollar Tree,33.94717903758929,-84.52312348712279,"180 Cobb Pkwy S, Kennesaw, GA, 30144",1.6415972246274557
633,Cobb County,"63,214.00",39.14,33.962944,-84.544548,Dollar Tree,33.95118313958659,-84.57505334860006,"757 Whitlock Ave SW, Kennesaw, GA, 30144",1.9304766397705413
633,Cobb County,"63,214.00",39.14,33.962944,-84.544548,Tuesday Morning,33.996362,-84.52880400000001,"700 Sandy Plains Rd, Kennesaw, GA, 30144",2.474344535708865
633,Cobb County,"63,214.00",39.14,33.962944,-84.544548,Dollar Tree,33.9695529489168,-84.49071221863919,"2145 Roswell Rd, Kennesaw, GA, 30144",3.125053270544477
633,Cobb County,"63,214.00",39.14,33.962944,-84.544548,Dollar General,33.893623,-84.552418,"250 Windy Hill Rd Sw, Kennesaw, GA, 30144",4.799169392192534
633,Cobb County,"63,214.00",39.14,33.962944,-84.544548,Family Dollar Store,33.892242431640625,-84.53909301757812,"2500 S Cobb Dr SE, Kennesaw, GA, 30144",4.883042439642469
633,Cobb County,"63,214.00",39.14,33.962944,-84.544548,Dollar General,33.890076,-84.579071,"2561 Austell Rd SW, Kennesaw, GA, 30144",5.3997866982469915
633,Cobb County,"63,214.00",39.14,33.962944,-84.544548,Dollar Tree,34.038049,-84.527693,"3544 Canton Rd, Kennesaw, GA, 30144",5.266182208091435
633,Cobb County,"63,214.00",39.14,33.962944,-84.544548,Family Dollar,33.93393325805664,-84.5562515258789,"728 Sandtown Rd SW, Kennesaw, GA, 30144",2.1095004741845953
633,Cobb County,"63,214.00",39.14,33.962944,-84.544548,Dollar General,33.95022982319624,-84.50894934918776,"1462 Roswell Rd, Kennesaw, GA, 30144",2.224466051209702
633,Cobb County,"63,214.00",39.14,33.962944,-84.544548,Dollar General,33.877303095418156,-84.53014169014968,"3201 S Cobb Dr SE, Kennesaw, GA, 30144",5.96039267400874
633,Cobb County,"63,214.00",39.14,33.962944,-84.544548,Tuesday Morning,34.0165976,-84.5503715,"50 Ernest W Barrett Pkwy NW, Kennesaw, GA, 30144",3.713095241503619
633,Cobb County,"63,214.00",39.14,33.962944,-84.544548,Bargain Hunt,34.00083614486685,-84.58914359072965,"1200 Ernest W Barrett Pkwy NW, Kennesaw, GA, 30144",3.657498682941137
633,Cobb County,"63,214.00",39.14,33.962944,-84.544548,Family Dollar Store,33.91733080783419,-84.55021213334143,"1605 Austell Rd Sw, Kennesaw, GA, 30144",3.160604126501231
633,Cobb County,"63,214.00",39.14,33.962944,-84.544548,Family Dollar,33.91408920288086,-84.5921401977539,"1308 Powder Springs Rd SW, Kennesaw, GA, 30144",4.337401154022746
633,Cobb County,"63,214.00",39.14,33.962944,-84.544548,Family Dollar Store,33.90315,-84.566241,"2051 Austell Rd SW, Kennesaw, GA, 30144",4.305510755762936
633,Cobb County,"63,214.00",39.14,33.962944,-84.544548,Dollar Tree,33.905337,-84.603201,"1733 Powder Springs Rd SW, Kennesaw, GA, 30144",5.207557054602729
634,Coffee County,"35,507.00",87.34,31.508705,-82.850724,Dollar General,31.502256393432617,-82.85005187988281,"518 Peterson Ave S, Douglas, GA, 31533",0.4460542790378331
634,Coffee County,"35,507.00",87.34,31.508705,-82.850724,Dollar General,31.521873474121094,-82.82211303710938,"1201 US Highway 221 N, Douglas, GA, 31533",1.9169667239387271
634,Coffee County,"35,507.00",87.34,31.508705,-82.850724,Dollar General,31.480234146118164,-82.85063171386719,"1730 Peterson Ave S, Douglas, GA, 31533",1.9615461873823021
634,Coffee County,"35,507.00",87.34,31.508705,-82.850724,fred's Super Dollar,31.497760772705078,-82.82948303222656,"813 Bowens Mill Rd SE, Douglas, GA, 31533",1.4631050653284876
634,Coffee County,"35,507.00",87.34,31.508705,-82.850724,Dollar General,31.5213,-82.893,"2679 GA Highway 32 W, Douglas, GA, 31533",2.641806681667705
634,Coffee County,"35,507.00",87.34,31.508705,-82.850724,Save-A-Lot,31.498573878253936,-82.85012949561253,"802 Peterson Ave S, Douglas, GA, 31533",0.6988801963813556
634,Coffee County,"35,507.00",87.34,31.508705,-82.850724,Dollar Tree,31.488462448120117,-82.84490203857422,"1345 Bowens Mill Rd SE, Douglas, GA, 31533",1.4363629526234178
634,Coffee County,"35,507.00",87.34,31.508705,-82.850724,Walmart Supercenter,31.485497,-82.848351,"1450 Bowens Mill Rd SE, Douglas, GA, 31533",1.605072603041991
634,Coffee County,"35,507.00",87.34,31.508705,-82.850724,Family Dollar Store,31.498571395874023,-82.85144805908203,"831 Peterson Ave S, Douglas, GA, 31533",0.6994766257110872
634,Coffee County,"35,507.00",87.34,31.508705,-82.850724,Super Ten,31.505917,-82.850748,"313 Peterson Ave S, Douglas, GA, 31533",0.19208870291181043
634,Coffee County,"35,507.00",87.34,31.508705,-82.850724,Roses Express,31.491323,-82.847816,"1300 Madison Ave S, Douglas, GA, 31533",1.2097988748413733
634,Coffee County,"35,507.00",87.34,31.508705,-82.850724,Wholesalers,31.497865,-82.870922,"1428 Baker Hwy W, Douglas, GA, 31533",1.4068756122820356
634,Coffee County,"35,507.00",87.34,31.508705,-82.850724,Big Dans Army-Navy Store,31.471151,-82.850348,"2639 US Highway 441 S, Douglas, GA, 31533",2.58742784785779
634,Coffee County,"35,507.00",87.34,31.508705,-82.850724,Dollar General,31.4879,-82.900247,"3151 Highway 158 W, Douglas, GA, 31533",3.2559693342026113
634,Coffee County,"35,507.00",87.34,31.508705,-82.850724,Dollar General,31.438348,-82.888272,"4074 Willacoochee Hwy, Douglas, GA, 31533",5.330319730850882
635,Colquitt County,"37,418.00",86.21,31.190741,-83.789843,Dollar General,31.18334389864609,-83.81142210704172,"1575 Camilla Hwy, Moultrie, GA, 31768",1.375927820216828
635,Colquitt County,"37,418.00",86.21,31.190741,-83.789843,Dollar General,31.17653981333647,-83.76267755658604,"1908 1st Ave SE, Moultrie, GA, 31768",1.8830999019413244
635,Colquitt County,"37,418.00",86.21,31.190741,-83.789843,Save-A-Lot,31.177558,-83.780805,"205 6th St SE, Moultrie, GA, 31768",1.0542385416413376
635,Colquitt County,"37,418.00",86.21,31.190741,-83.789843,Fred's Super Dollar,31.14156670844026,-83.78252326199576,"2601 S Main St, Moultrie, GA, 31768",3.4153956287737652
635,Colquitt County,"37,418.00",86.21,31.190741,-83.789843,Dollar Tree,31.171259568336257,-83.76009812462901,"603 Veterans Pkwy S, Moultrie, GA, 31768",2.2148025332542556
635,Colquitt County,"37,418.00",86.21,31.190741,-83.789843,Family Dollar,31.179144,-83.780848,"635 1st Ave SE, Moultrie, GA, 31768",0.9602922948361717
635,Colquitt County,"37,418.00",86.21,31.190741,-83.789843,Walmart Supercenter,31.170291577592266,-83.75812291656726,"641 Veterans Pkwy S, Moultrie, GA, 31768",2.3483556411251825
635,Colquitt County,"37,418.00",86.21,31.190741,-83.789843,The Spot,31.182964,-83.800552,"301 Martin Luther King Jr Dr, Moultrie, GA, 31768",0.8302755007901338
635,Colquitt County,"37,418.00",86.21,31.190741,-83.789843,Roses Discount Stores,31.176721,-83.781326,"215 6th St SE, Moultrie, GA, 31768",1.0896799249964664
635,Colquitt County,"37,418.00",86.21,31.190741,-83.789843,Dollar Max,31.178481,-83.773387,"127 Talmadge Dr, Moultrie, GA, 31768",1.2897217988969114
635,Colquitt County,"37,418.00",86.21,31.190741,-83.789843,Dollar General,31.140419,-83.783191,"2601 S Main St, Moultrie, GA, 31768",3.489150367514503
644,DeKalb County,"56,428.00",68.56,33.77435,-84.297124,Walmart Supercenter,33.79237045735935,-84.28875878895786,"2525 N Decatur Rd, Decatur, GA, 30033",1.3320379799901907
644,DeKalb County,"56,428.00",68.56,33.77435,-84.297124,Dollar Tree,33.7519391209628,-84.27073694728244,"3447 Memorial Dr, Decatur, GA, 30033",2.1663207392827974
644,DeKalb County,"56,428.00",68.56,33.77435,-84.297124,Dollar General,33.78896045610864,-84.24932539110709,"3510 N Decatur Rd, Decatur, GA, 30033",2.929402036622825
644,DeKalb County,"56,428.00",68.56,33.77435,-84.297124,Tuesday Morning,33.8381949,-84.2562617,"1901 Montreal Rd, Decatur, GA, 30033",4.9889856140640045
644,DeKalb County,"56,428.00",68.56,33.77435,-84.297124,Family Dollar Store,33.795982360839844,-84.26274871826172,"3460 E Ponce De Leon Ave, Decatur, GA, 30033",2.477187920376365
644,DeKalb County,"56,428.00",68.56,33.77435,-84.297124,Dollar Tree,33.79199529540268,-84.27410823131758,"2863A N Decatur Rd, Decatur, GA, 30033",1.7981911661395753
644,DeKalb County,"56,428.00",68.56,33.77435,-84.297124,Family Dollar Store,33.72431437144915,-84.34913025505348,"1104 Moreland Ave SE, Decatur, GA, 30033",4.566979555530947
644,DeKalb County,"56,428.00",68.56,33.77435,-84.297124,Family Dollar,33.76921463012695,-84.25299072265625,"3429 Covington Hwy, Decatur, GA, 30033",2.5647747634021463
644,DeKalb County,"56,428.00",68.56,33.77435,-84.297124,Dollar General,33.778545,-84.38401,"881 Peachtree St NE, Decatur, GA, 30033",5.009089359441431
644,DeKalb County,"56,428.00",68.56,33.77435,-84.297124,Dollar General,33.84315872192383,-84.3277359008789,"3349 Buford Hwy NE, Decatur, GA, 30033",5.058895961381202
644,DeKalb County,"56,428.00",68.56,33.77435,-84.297124,Dollar General,33.805215000000004,-84.240103,"980 N Indian Creek Dr, Decatur, GA, 30033",3.9105599105659095
644,DeKalb County,"56,428.00",68.56,33.77435,-84.297124,Tuesday Morning,33.8273953,-84.3334993,"2480 Briarcliff Rd NE, Decatur, GA, 30033",4.212690009271327
644,DeKalb County,"56,428.00",68.56,33.77435,-84.297124,Family Dollar Store,33.73290252685547,-84.28352355957031,"1982 Candler Rd, Decatur, GA, 30033",2.9619722107795323
644,DeKalb County,"56,428.00",68.56,33.77435,-84.297124,Family Dollar Store,33.76406478881836,-84.22209930419922,"4104 Redan Rd, Decatur, GA, 30033",4.376216111838101
644,DeKalb County,"56,428.00",68.56,33.77435,-84.297124,Family Dollar Store,33.725004999999996,-84.321986,"2021 Flat Shoals Rd SE, Decatur, GA, 30033",3.689860387536894
644,DeKalb County,"56,428.00",68.56,33.77435,-84.297124,Dollar Tree,33.808343,-84.277698,"2050 Lawrenceville Hwy, Decatur, GA, 30033",2.5958809556835742
644,DeKalb County,"56,428.00",68.56,33.77435,-84.297124,Family Dollar Store,33.73681228499682,-84.39556852407077,"226 Ralph David Abernathy Blvd SW, Decatur, GA, 30033",6.229954628573848
644,DeKalb County,"56,428.00",68.56,33.77435,-84.297124,Dollar Tree,33.714054,-84.345751,"1326 Moreland Ave SE, Decatur, GA, 30033",5.010822724306708
644,DeKalb County,"56,428.00",68.56,33.77435,-84.297124,Family Dollar Store,33.718725,-84.341812,"1410 Custer Ave SE, Decatur, GA, 30033",4.617082370553082
644,DeKalb County,"56,428.00",68.56,33.77435,-84.297124,Family Dollar Store,33.809207,-84.241534,"1125 N Indian Creek Dr, Decatur, GA, 30033",4.000578652396799
644,DeKalb County,"56,428.00",68.56,33.77435,-84.297124,Family Dollar Store,33.71288,-84.31083,"2579 Gresham Rd SE, Decatur, GA, 30033",4.309450243436931
644,DeKalb County,"56,428.00",68.56,33.77435,-84.297124,Dollar Tree,33.825660705566406,-84.29017639160156,"2846 Lavista Rd, Decatur, GA, 30033",3.558944716211888
644,DeKalb County,"56,428.00",68.56,33.77435,-84.297124,Dollar General,33.720475046310106,-84.34995291274025,"1241 Moreland Ave SE, Decatur, GA, 30033",4.799856354385467
644,DeKalb County,"56,428.00",68.56,33.77435,-84.297124,Family Dollar Regional Office,33.751258850097656,-84.26536560058594,"1291 Columbia Dr, Decatur, GA, 30033",2.4238222723537826
644,DeKalb County,"56,428.00",68.56,33.77435,-84.297124,Family Dollar,33.71106,-84.269454,"2942 Rainbow Dr, Decatur, GA, 30033",4.643853949181629
658,Forsyth County,"67,859.00",13.68,34.206598,-84.138697,BJ's Wholesale Club,34.19053246497876,-84.13175094437705,"1725 Market Place Blvd, Cumming, GA, 30041",1.1766247020962206
658,Forsyth County,"67,859.00",13.68,34.206598,-84.138697,Five Below,34.1954049,-84.1280051,"2435 Market Place Blvd, Cumming, GA, 30041",0.9849602996013317
658,Forsyth County,"67,859.00",13.68,34.206598,-84.138697,Walmart Supercenter,34.26682467689674,-84.08731218324154,"3655 Browns Bridge Rd, Cumming, GA, 30041",5.087764615952455
658,Forsyth County,"67,859.00",13.68,34.206598,-84.138697,Dollar General,34.216819,-84.15251500000001,"121 N Corners Pkwy, Cumming, GA, 30041",1.0594312894076778
658,Forsyth County,"67,859.00",13.68,34.206598,-84.138697,Dollar General,34.163959999999996,-84.176886,"6010 Bethelview Rd, Cumming, GA, 30041",3.6636051295249175
658,Forsyth County,"67,859.00",13.68,34.206598,-84.138697,Dollar General,34.232551,-84.084221,"2420 Holtzclaw Rd, Cumming, GA, 30041",3.5956912391368623
658,Forsyth County,"67,859.00",13.68,34.206598,-84.138697,Dollar General,34.262452,-84.081231,"4015 Browns Bridge Rd, Cumming, GA, 30041",5.06395555227064
658,Forsyth County,"67,859.00",13.68,34.206598,-84.138697,Dollar Tree,34.18749505942979,-84.1385988048585,"580 Atlanta Rd, Cumming, GA, 30041",1.3167045119593916
658,Forsyth County,"67,859.00",13.68,34.206598,-84.138697,Dollar Tree,34.18212486366206,-84.12957526156669,"1250 Market Place Blvd, Cumming, GA, 30041",1.765890271860715
658,Forsyth County,"67,859.00",13.68,34.206598,-84.138697,Walmart Supercenter,34.18393027044313,-84.12935263673162,"1500 Market Place Blvd, Cumming, GA, 30041",1.6515187864540857
658,Forsyth County,"67,859.00",13.68,34.206598,-84.138697,Bargain Hunt,34.18897,-84.14383,"129 Merchants Sq, Cumming, GA, 30041",1.250088621820478
658,Forsyth County,"67,859.00",13.68,34.206598,-84.138697,The Dollar Barn,34.174436,-84.18691,"5485 Bethelview Rd, Cumming, GA, 30041",3.5411863147309646
658,Forsyth County,"67,859.00",13.68,34.206598,-84.138697,Tuesday Morning,34.199622,-84.116642,"1610 Captains Walk, Cumming, GA, 30041",1.3514787123980636
658,Forsyth County,"67,859.00",13.68,34.206598,-84.138697,Direct Discounts 2U,34.175471,-84.092585,"2870 Cobblestone Dr, Cumming, GA, 30041",3.4027304743950944
658,Forsyth County,"67,859.00",13.68,34.206598,-84.138697,Rum's Varieties,34.228008,-84.047726,"6270 Shady Grove Rd, Cumming, GA, 30041",5.413881636230499
660,Fulton County,"95,683.00",42.17,33.758231,-84.391101,Dollar General,33.778545,-84.38401,"881 Peachtree St NE, Atlanta, GA, 30309",1.458351089345148
660,Fulton County,"95,683.00",42.17,33.758231,-84.391101,Family Dollar Store,33.73681228499682,-84.39556852407077,"226 Ralph David Abernathy Blvd SW, Atlanta, GA, 30309",1.4984431863151937
660,Fulton County,"95,683.00",42.17,33.758231,-84.391101,Family Dollar Store,33.72431437144915,-84.34913025505348,"1104 Moreland Ave SE, Atlanta, GA, 30309",3.362184582920284
660,Fulton County,"95,683.00",42.17,33.758231,-84.391101,Family Dollar Store,33.772682,-84.41492099999999,"824 Donald L Hollowell Pkwy NW, Atlanta, GA, 30309",1.6946984699129493
660,Fulton County,"95,683.00",42.17,33.758231,-84.391101,Family Dollar Store,33.76285114739246,-84.417176801381,"299 Joseph E Lowery Blvd NW, Atlanta, GA, 30309",1.5344770864338764
660,Fulton County,"95,683.00",42.17,33.758231,-84.391101,Dollar General,33.733140999999996,-84.438176,"807 Cascade Ave SW, Atlanta, GA, 30309",3.2150248038186575
660,Fulton County,"95,683.00",42.17,33.758231,-84.391101,Dollar General,33.697895,-84.409325,"2779 Lakewood Ave SW, Atlanta, GA, 30309",4.288797782182967
660,Fulton County,"95,683.00",42.17,33.758231,-84.391101,Deals,33.698861,-84.407527,"2034 Metropolitan Pkwy SW, Atlanta, GA, 30309",4.19974861067848
660,Fulton County,"95,683.00",42.17,33.758231,-84.391101,Family Dollar Store,33.73889736213126,-84.42572088060979,"1165 Ralph D Abernathy Blvd Sw, Atlanta, GA, 30309",2.397579215768676
660,Fulton County,"95,683.00",42.17,33.758231,-84.391101,Dollar Tree,33.7380190909091,-84.4175654545455,"906 Ralph David Abernathy Blvd SW, Atlanta, GA, 30309",2.0644824445826586
660,Fulton County,"95,683.00",42.17,33.758231,-84.391101,Family Dollar,33.777149300797554,-84.45223893172886,"2045 D L Hollowell Pkwy NW, Atlanta, GA, 30309",3.7529441775570125
660,Fulton County,"95,683.00",42.17,33.758231,-84.391101,Dollar Tree,33.714054,-84.345751,"1326 Moreland Ave SE, Atlanta, GA, 30309",4.011169217552145
660,Fulton County,"95,683.00",42.17,33.758231,-84.391101,Family Dollar Store,33.741039,-84.415745,"565 Joseph E Lowery Blvd SW, Atlanta, GA, 30309",1.8485270426667348
660,Fulton County,"95,683.00",42.17,33.758231,-84.391101,Family Dollar,33.706777,-84.380313,"1723 Lakewood Ave SE, Atlanta, GA, 30309",3.6002596086669216
660,Fulton County,"95,683.00",42.17,33.758231,-84.391101,Dollar General,33.720475046310106,-84.34995291274025,"1241 Moreland Ave SE, Atlanta, GA, 30309",3.5192250369855222
660,Fulton County,"95,683.00",42.17,33.758231,-84.391101,Family Dollar Store,33.718725,-84.341812,"1410 Custer Ave SE, Atlanta, GA, 30309",3.9329820315943986
660,Fulton County,"95,683.00",42.17,33.758231,-84.391101,Deals,33.737633,-84.436094,"645 Cascade Ave SW, Atlanta, GA, 30309",2.9539356870588267
660,Fulton County,"95,683.00",42.17,33.758231,-84.391101,Family Dollar Store,33.725004999999996,-84.321986,"2021 Flat Shoals Rd SE, Atlanta, GA, 30309",4.591368173405274
660,Fulton County,"95,683.00",42.17,33.758231,-84.391101,Dollar Tree,33.70711,-84.4557177777778,"2020 Campbellton Rd SW, Atlanta, GA, 30309",5.124348371436217
660,Fulton County,"95,683.00",42.17,33.758231,-84.391101,Dollar Tree,33.68203868142834,-84.40983890564793,"2685 Metropolitan Pkwy SW, Atlanta, GA, 30309",5.360978863289674
660,Fulton County,"95,683.00",42.17,33.758231,-84.391101,Family Dollar Store,33.721681,-84.464493,"2324 Cascade Rd SW, Atlanta, GA, 30309",4.9197292472545255
660,Fulton County,"95,683.00",42.17,33.758231,-84.391101,Dollar Tree,33.820238,-84.454165,"2344 Marietta Blvd NW, Atlanta, GA, 30309",5.606633982737633
660,Fulton County,"95,683.00",42.17,33.758231,-84.391101,Family Dollar Store,33.74714370548987,-84.3337772992173,"1655 Memorial Dr SE, Atlanta, GA, 30309",3.3874991611784195
660,Fulton County,"95,683.00",42.17,33.758231,-84.391101,Walmart Supercenter,33.755673155030024,-84.41390350788798,"835 Martin Luther King Jr Dr NW, Atlanta, GA, 30309",1.3244839779375621
660,Fulton County,"95,683.00",42.17,33.758231,-84.391101,Maxway,33.74036407470703,-84.41555786132812,"850 Oak St SW, Atlanta, GA, 30309",1.8705636734084437
667,Gwinnett County,"46,886.00",50.3,33.966996,-83.99421,Dollar Tree,33.97145466766783,-84.01626973837148,"925 Lawrenceville Suwanee Rd, Lawrenceville, GA, 30043",1.303542125372477
667,Gwinnett County,"46,886.00",50.3,33.966996,-83.99421,Dollar Tree,34.007388,-83.915408,"832 Dacula Rd, Lawrenceville, GA, 30043",5.312250964478581
667,Gwinnett County,"46,886.00",50.3,33.966996,-83.99421,Family Dollar Store,33.944091,-83.99095799999999,"249 Scenic Hwy, Lawrenceville, GA, 30043",1.5897024875904793
667,Gwinnett County,"46,886.00",50.3,33.966996,-83.99421,Dollar General,33.949375,-83.98548199999999,"134 S Clayton St, Lawrenceville, GA, 30043",1.3138842513061646
667,Gwinnett County,"46,886.00",50.3,33.966996,-83.99421,Dollar Tree,34.00670822510505,-83.9883425728814,"645 Russell Rd, Lawrenceville, GA, 30043",2.7577702400486706
667,Gwinnett County,"46,886.00",50.3,33.966996,-83.99421,Walmart Supercenter,33.97149278284695,-83.99661846560873,"630 Collins Hill Rd, Lawrenceville, GA, 30043",0.33939444244971595
667,Gwinnett County,"46,886.00",50.3,33.966996,-83.99421,Dollar Tree,33.9350559354763,-84.02777574727601,"65 Lawrenceville Suwanee Rd, Lawrenceville, GA, 30043",2.9263029806708
667,Gwinnett County,"46,886.00",50.3,33.966996,-83.99421,Tuesday Morning,33.8813049,-84.0101839,"1708 Scenic Hwy S, Lawrenceville, GA, 30043",5.976983505635574
667,Gwinnett County,"46,886.00",50.3,33.966996,-83.99421,Dollar Tree,33.935067,-83.95975200000001,"895 New Hope Rd, Lawrenceville, GA, 30043",2.959751827355705
667,Gwinnett County,"46,886.00",50.3,33.966996,-83.99421,Family Dollar Store,33.951656,-84.058818,"1896 Old Norcross Rd, Lawrenceville, GA, 30043",3.858294139552339
667,Gwinnett County,"46,886.00",50.3,33.966996,-83.99421,Dollar Tree,33.922351,-84.083634,"2975 Lawrenceville Hwy, Lawrenceville, GA, 30043",5.987857092574705
667,Gwinnett County,"46,886.00",50.3,33.966996,-83.99421,Dollar Tree,33.987923,-83.89285,"2590 Winder Hwy, Lawrenceville, GA, 30043",5.996193187156472
667,Gwinnett County,"46,886.00",50.3,33.966996,-83.99421,Walmart Supercenter,33.936537557195706,-84.02550264943777,"1400 Lawrenceville Hwy, Lawrenceville, GA, 30043",2.763624641736478
667,Gwinnett County,"46,886.00",50.3,33.966996,-83.99421,Walmart Supercenter,33.88656169,-84.00812602,"1550 Scenic Hwy N, Lawrenceville, GA, 30043",5.601143373808654
667,Gwinnett County,"46,886.00",50.3,33.966996,-83.99421,Family Dollar Store,33.927489419686395,-84.06067987876781,"2369 Lawrenceville Hwy, Lawrenceville, GA, 30043",4.689565941420402
667,Gwinnett County,"46,886.00",50.3,33.966996,-83.99421,Five Below,33.884274,-84.009431,"1630 Scenic Hwy N, Lawrenceville, GA, 30043",5.768138492883746
667,Gwinnett County,"46,886.00",50.3,33.966996,-83.99421,United Dollar,33.935518,-83.98,"605 Grayson Hwy, Lawrenceville, GA, 30043",2.3180187231424254
667,Gwinnett County,"46,886.00",50.3,33.966996,-83.99421,Dollar Tree,33.9201562,-83.973186,"1121 Grayson Hwy, Lawrenceville, GA, 30043",3.4468501232579905
667,Gwinnett County,"46,886.00",50.3,33.966996,-83.99421,Family Dollar Store,33.94959917084305,-84.08494026924372,"2630 Old Norcross Rd, Lawrenceville, GA, 30043",5.347108365078411
667,Gwinnett County,"46,886.00",50.3,33.966996,-83.99421,Dollar Tree,33.97688,-84.07878,"1900 Duluth Hwy, Lawrenceville, GA, 30043",4.903904614540678
667,Gwinnett County,"46,886.00",50.3,33.966996,-83.99421,Five Below,33.980752900844095,-84.0807253204274,"5900 Sugarloaf Pkwy, Lawrenceville, GA, 30043",5.057625748634022
667,Gwinnett County,"46,886.00",50.3,33.966996,-83.99421,Discount Store,33.96013,-83.986017,"166 Buford Dr, Lawrenceville, GA, 30043",0.6673353383351441
667,Gwinnett County,"46,886.00",50.3,33.966996,-83.99421,V&G Close Out & Liquidation,33.955666,-83.988517,"134 S Clayton St, Lawrenceville, GA, 30043",0.8465875337428095
667,Gwinnett County,"46,886.00",50.3,33.966996,-83.99421,Dollar King,33.969538,-84.023797,"911 Duluth Hwy, Lawrenceville, GA, 30043",1.708089098600643
667,Gwinnett County,"46,886.00",50.3,33.966996,-83.99421,Dollar City,33.939206,-83.98193,"455 Grayson Hwy, Lawrenceville, GA, 30043",2.041119653718766
683,Johnson County,"27,965.00",94.38,32.730663,-82.719275,Dollar General,32.73204718719298,-82.72200861624107,"363 W Tribley St, Wrightsville, GA, 31096",0.18560307978468193
683,Johnson County,"27,965.00",94.38,32.730663,-82.719275,Bargain Barn,32.732227,-82.707844,"203 Cross Cedar Rd, Wrightsville, GA, 31096",0.6744583651413109
692,Lowndes County,"41,117.00",43.76,30.84189,-83.27888,Dollar General,30.84639833910328,-83.3043646298644,"1001 Baytree Rd, Valdosta, GA, 31602",1.5463139387264044
692,Lowndes County,"41,117.00",43.76,30.84189,-83.27888,Dollar General,30.821266,-83.2748149632625,"810 Madison Hwy, Valdosta, GA, 31602",1.4411773556590968
692,Lowndes County,"41,117.00",43.76,30.84189,-83.27888,Dollar General,30.859170758310142,-83.2793491500846,"2107 Bemiss Rd, Valdosta, GA, 31602",1.1907889078624423
692,Lowndes County,"41,117.00",43.76,30.84189,-83.27888,Family Dollar Store,30.856064789842563,-83.28031539916991,"1905 N Ashley St, Valdosta, GA, 31602",0.9802135130437637
692,Lowndes County,"41,117.00",43.76,30.84189,-83.27888,Family Dollar,30.83387931363657,-83.27233850955962,"512 E Central Ave, Valdosta, GA, 31602",0.6750883103597425
692,Lowndes County,"41,117.00",43.76,30.84189,-83.27888,Dollar General,30.872172139511076,-83.26593842065456,"1610 Northside Dr, Valdosta, GA, 31602",2.223395914916653
692,Lowndes County,"41,117.00",43.76,30.84189,-83.27888,Dollar Tree,30.842718995901667,-83.31764476759041,"1801 Norman Dr, Valdosta, GA, 31602",2.3049245305827664
692,Lowndes County,"41,117.00",43.76,30.84189,-83.27888,Dollar General,30.787812371916576,-83.23521235527797,"2710 US Highway 41 S, Valdosta, GA, 31602",4.540872869049663
692,Lowndes County,"41,117.00",43.76,30.84189,-83.27888,Tuesday Morning,30.846166800822534,-83.31800029401498,"1839 Norman Dr, Valdosta, GA, 31602",2.3438990775596644
692,Lowndes County,"41,117.00",43.76,30.84189,-83.27888,Dollar General,30.854159601123833,-83.35732958208007,"19540 Valdosta Hwy, Valdosta, GA, 31602",4.7388363931688975
692,Lowndes County,"41,117.00",43.76,30.84189,-83.27888,Family Dollar,30.837006869049553,-83.31802725791931,"964 N Saint Augustine Rd, Valdosta, GA, 31602",2.351210529465048
692,Lowndes County,"41,117.00",43.76,30.84189,-83.27888,Save-A-Lot,30.82124164895143,-83.27498931789702,"808 Madison Hwy, Valdosta, GA, 31602",1.4411313816546711
692,Lowndes County,"41,117.00",43.76,30.84189,-83.27888,Dollar General,30.914510999999997,-83.25832700000001,"4160 Bemiss Rd, Valdosta, GA, 31602",5.1497442220961
692,Lowndes County,"41,117.00",43.76,30.84189,-83.27888,Dollar Tree,30.881202788082604,-83.2885183886626,"3279 Jack Staten Way, Valdosta, GA, 31602",2.768153863024042
692,Lowndes County,"41,117.00",43.76,30.84189,-83.27888,Dollar USA,30.857820497558343,-83.26808106866756,"1412 E Park Ave, Valdosta, GA, 31602",1.271358544078068
692,Lowndes County,"41,117.00",43.76,30.84189,-83.27888,Dollar Tree,30.82154655456543,-83.27345275878906,"731 S Patterson St, Valdosta, GA, 31602",1.4381038759093774
692,Lowndes County,"41,117.00",43.76,30.84189,-83.27888,Walmart Supercenter,30.82653505,-83.31916475,"340 Norman Dr, Valdosta, GA, 31602",2.617982624637964
692,Lowndes County,"41,117.00",43.76,30.84189,-83.27888,Bargain Ollie's Outlet,30.840429306030273,-83.32599639892578,"1200 N Saint Augustine Rd, Valdosta, GA, 31602",2.8024867005855874
692,Lowndes County,"41,117.00",43.76,30.84189,-83.27888,Walmart Supercenter,30.88113737,-83.28750276,"3274 Inner Perimeter Rd, Valdosta, GA, 31602",2.751869008865001
692,Lowndes County,"41,117.00",43.76,30.84189,-83.27888,Dollar Discount of America,30.840469,-83.32067,"1707 Norman Dr, Valdosta, GA, 31602",2.4859968788900946
692,Lowndes County,"41,117.00",43.76,30.84189,-83.27888,Dollar General,30.875515,-83.293848,"3305 N Valdosta Rd, Valdosta, GA, 31602",2.4813469050316024
692,Lowndes County,"41,117.00",43.76,30.84189,-83.27888,Keepsakes,30.879765,-83.312304,"415 Hunters Gln, Valdosta, GA, 31602",3.2792639497739287
699,Meriwether County,"39,121.00",88.02,33.029043,-84.713045,Dollar General,33.02495989485631,-84.71162378497367,"579 S Talbotton St, Greenville, GA, 30222",0.2932255948371258
699,Meriwether County,"39,121.00",88.02,33.029043,-84.713045,Super Dollar,33.031924,-84.714079,"691 N Talbotton St, Greenville, GA, 30222",0.20741356667931227
699,Meriwether County,"39,121.00",88.02,33.029043,-84.713045,Bill's,33.033386,-84.713928,"691 N Talbotton St, Greenville, GA, 30222",0.3036473113410194
703,Montgomery County,"34,061.00",94.83,32.174174,-82.594652,Fred's Super Dollar,32.17320413615019,-82.5938136194422,"601 Mason St, Mount Vernon, GA, 30445",0.08294520520756356
703,Montgomery County,"34,061.00",94.83,32.174174,-82.594652,Getwell Drug & Dollar,32.179873,-82.669574,"6 E Second Ave, Mount Vernon, GA, 30445",4.408119737130838
750,Washington County,"39,151.00",85.62,32.983578,-82.811602,Dollar General,32.97159957885742,-82.81026458740234,"612 S Harris St, Sandersville, GA, 31082",0.8291108903414706
750,Washington County,"39,151.00",85.62,32.983578,-82.811602,Walmart Supercenter,32.95206346,-82.81126841,"1308 S Harris St, Sandersville, GA, 31082",2.1718308599881513
750,Washington County,"39,151.00",85.62,32.983578,-82.811602,Rose's Express,32.970815,-82.809385,"682 S Harris St, Sandersville, GA, 31082",0.8889078307163114
750,Washington County,"39,151.00",85.62,32.983578,-82.811602,Fred's Store,32.957219,-82.8087,"1163 S Harris St, Sandersville, GA, 31082",1.8242694637809884
750,Washington County,"39,151.00",85.62,32.983578,-82.811602,Odds N Inn,32.936478,-82.812111,"104 W North Central Ave, Sandersville, GA, 31082",3.2459074025949475
757,Wilkes County,"42,093.00",94.17,33.746467,-82.740314,Fred's Super Dollar,33.730710197784646,-82.71543228850072,"923 N Bypass E, Washington, GA, 30673",1.7977689042050966
757,Wilkes County,"42,093.00",94.17,33.746467,-82.740314,Maxway,33.726261523623144,-82.71777728635276,"126 Washington Plz, Washington, GA, 30673",1.9035046771433088
757,Wilkes County,"42,093.00",94.17,33.746467,-82.740314,Family Dollar Store,33.725704193115234,-82.71820068359375,"164 Bi-Lo Plz, Washington, GA, 30673",1.9154939085329854
757,Wilkes County,"42,093.00",94.17,33.746467,-82.740314,Maxway 334,33.727368,-82.718226,"126 Washington Plz, Washington, GA, 30673",1.8303927940743208
757,Wilkes County,"42,093.00",94.17,33.746467,-82.740314,Variety Wholesalers,33.727466,-82.717747,"126 Washington Plz, Washington, GA, 30673",1.8448633090406168
